@list,name,description,release_date,cards,guaranteed_rarity
id,i32,text,text,date,[ref<Cards>],Rarity
1,经典卡包,游戏的核心卡包,2020-01-01,[1,2,3,4,5,6,7,8,9,10,11,12,13,14,15,16,17,18,19,20,25,26,27,28,29,30,31,32,33,34,35,36,37,38,39,40,41,42,43,44,45,46,47],Rare
2,地精大战侏儒,机械与爆炸的世界,2020-06-15,[1,2,3,4,5,6,7,8,9,10,11,12,13,14,15,16,17,18,19,20],Epic
3,纳克萨玛斯,亡灵的诅咒,2020-09-01,[21,22,23,24,25,26,27,28,29,30],Epic
4,地精大战侏儒2,更多的机械,2021-01-15,[1,2,3,4,5,6,7,8,9,10],Rare
5,黑石山的火焰,火焰与龙族,2021-04-01,[11,12,13,14,15,16,17,18,19,20],Legendary
6,冠军的试炼,竞技场的荣耀,2021-07-15,[21,22,23,24,25,26,27,28,29,30],Epic
7,探险者协会,古老的秘密,2021-10-01,[31,32,33,34,35,36,37,38,39,40],Rare
8,上古之神的低语,疯狂的呼唤,2022-01-15,[41,42,43,44,45,46,47,1,2,3],Legendary
9,卡拉赞之夜,魔法派对,2022-04-01,[4,5,6,7,8,9,10,11,12,13],Epic
10,龙争虎斗加基森,城市的阴影,2022-07-15,[14,15,16,17,18,19,20,21,22,23],Rare
