@list,name,description,type,rarity,cost,attack,health,durability,class_id,effects,keywords,color,flavor_text,artist,collectible
id,i32,text,text,Rarity,i32,i32,i32,i32,&Classes,[&Effects],[Keywords],color,text,text,bool
1,石牙野猪,冲锋,随从,Common,1,1,1,,,[Charge],#FFFFFF,野猪冲锋!,张三,true
2,淡水鳄,普通的鳄鱼,随从,Common,2,2,3,,,#FFFFFF,它来自沼泽。,李四,true
3,血沼迅猛龙,冲锋,随从,Common,2,3,1,,,[Charge],#FFFFFF,迅猛龙的速度无人能及。,王五,true
4,铁炉堡火枪手,战吼：造成1点伤害,随从,Common,3,2,2,,[2],[Battlecry],#FFFFFF,为了铁炉堡!,赵六,true
5,精灵弓箭手,战吼：造成1点伤害,随从,Common,1,1,1,,[2],[Battlecry],#FFFFFF,箭无虚发。,钱七,true
6,工程师学徒,战吼：抽一张牌,随从,Common,2,1,1,,[8],[Battlecry],#FFFFFF,知识就是力量。,孙八,true
7,酸性沼泽软泥怪,战吼：消灭对手的武器,随从,Common,3,3,2,,[9],[Battlecry],#FFFFFF,它喜欢吃金属。,周九,true
8,破碎残阳祭司,战吼：使一个友方随从获得+1/+1,随从,Common,4,3,1,,[6;7],[Battlecry],#FFFFFF,太阳之井的力量。,吴十,true
9,暴风城骑士,冲锋,随从,Common,4,2,5,,,[Charge],#FFFFFF,为了联盟!,郑一,true
10,森金持盾卫士,嘲讽,随从,Common,4,3,5,,,[Taunt],#FFFFFF,没有人能通过。,王二,true
11,冰风雪人,普通的雪人,随从,Common,4,4,5,,,#FFFFFF,它来自诺森德。,张三,true
12,机械幼龙技工,战吼：召唤一个2/1的机械幼龙,随从,Common,5,2,4,,[5],[Battlecry],#FFFFFF,机械的力量。,李四,true
13,烈日行者,嘲讽，圣盾,随从,Rare,6,4,5,,,[Taunt;DivineShield],#0070DD,太阳之光的守护者。,王五,true
14,银色指挥官,冲锋，圣盾,随从,Rare,6,4,2,,,[Charge;DivineShield],#0070DD,银色黎明最精锐的骑士。,赵六,true
15,黑铁矮人,战吼：使一个随从获得+2攻击力,随从,Rare,4,4,4,,[6],[Battlecry],#0070DD,黑铁矮人的愤怒。,钱七,true
16,阿古斯防御者,战吼：使相邻的随从获得+1/+1和嘲讽,随从,Rare,4,3,3,,[6;7],[Battlecry],#0070DD,阿古斯的防线。,孙八,true
17,破法者,战吼：沉默一个随从,随从,Rare,4,4,3,,[11],[Battlecry],#0070DD,沉默是金。,周九,true
18,军情七处特工,战吼：造成2点伤害,随从,Rare,5,4,4,4,[2],[Battlecry],#FFF569,盗贼公会的精英。,吴十,true
19,火元素,战吼：造成3点伤害,随从,Rare,6,6,5,9,[2],[Battlecry],#0070DE,火焰的化身。,郑一,true
20,暴风城勇士,你的其他随从获得+1/+1,随从,Rare,7,6,6,,[6;7],,#0070DD,暴风城的骄傲。,王二,true
21,凯恩·血蹄,战吼：召唤一个4/5的贝恩·血蹄,随从,Legendary,6,4,5,,[5],[Battlecry],#FF8000,牛头人的领袖。,张三,true
22,炎魔之王拉格纳罗斯,回合结束时随机对一个敌人造成8点伤害,随从,Legendary,8,8,8,,[2],,#FF8000,死吧,虫子!,李四,true
23,提里奥·弗丁,圣盾，嘲讽，亡语：装备一把5/3的灰烬使者,随从,Legendary,8,6,6,6,[4],[DivineShield;Taunt;Deathrattle],#FF8000,灰烬使者!,王五,true
24,希尔瓦娜斯·风行者,亡语：获得一个敌方随从的控制权,随从,Legendary,6,5,5,,,[Deathrattle],#FF8000,被遗忘者的女王。,赵六,true
25,火球术,造成6点伤害,法术,Common,4,,,,2,[2],,#69CCF0,经典的火焰法术。,钱七,true
26,寒冰箭,对一个角色造成3点伤害并冻结,法术,Common,2,,,,2;10,[2],,#69CCF0,冰冷的攻击。,孙八,true
27,奥术智慧,抽两张牌,法术,Common,3,,,,8,[8],,#69CCF0,知识就是力量。,周九,true
28,变羊术,将一个随从变形为1/1的绵羊,法术,Rare,4,,,,13,[13],,#69CCF0,咩~,吴十,true
29,烈焰风暴,对所有敌方随从造成4点伤害,法术,Rare,7,,,,2,[2],,#69CCF0,火焰风暴!,郑一,true
30,真言术：盾,使一个随从获得+2生命值,法术,Common,1,,,,7,[7],,#FFFFFF,圣光的庇护。,王二,true
31,神圣之火,造成5点伤害,恢复5点生命值,法术,Rare,6,,,,2;3,[2;3],,#FFFFFF,神圣的力量。,张三,true
32,背刺,对一个未受伤的随从造成2点伤害,法术,Common,0,,,,2,[2],,#FFF569,暗影中的匕首。,李四,true
33,刺骨,造成2点伤害,连击：改为4点伤害,法术,Common,2,,,,2,[2;Combo],,#FFF569,致命的一击。,王五,true
34,动物伙伴,随机召唤一个野兽伙伴,法术,Common,3,,,,5,[5],,#ABD473,野兽的伙伴。,赵六,true
35,杀戮命令,造成3点伤害,如果你控制一个野兽则改为5点,法术,Common,3,,,,2,[2],,#ABD473,致命的射击。,钱七,true
36,奉献,对所有敌人造成2点伤害,法术,Rare,4,,,,2,[2],,#F58CBA,圣光的审判。,孙八,true
37,王者祝福,使一个随从获得+4/+4,法术,Rare,4,,,,6;7,[6;7],,#F58CBA,王者的力量。,周九,true
38,暗影箭,对一个随从造成4点伤害,法术,Common,3,,,,2,[2],,#9482C9,暗影的力量。,吴十,true
39,地狱烈焰,对所有角色造成3点伤害,法术,Common,4,,,,2,[2],,#9482C9,地狱的火焰。,郑一,true
40,野蛮咆哮,本回合你的所有角色获得+2攻击力,法术,Common,3,,,,6,[6],,#FF7D0A,自然的愤怒。,王二,true
41,横扫,对一个角色造成4点伤害,对所有其他敌人造成1点伤害,法术,Common,4,,,,2,[2],,#FF7D0A,自然的横扫。,张三,true
42,闪电箭,造成3点伤害,过载(1),法术,Common,1,,,,2,[2;Overload],#0070DE,闪电的力量。,李四,true
43,妖术,将一个随从变形为0/1的青蛙,法术,Rare,3,,,,13,[13],#0070DE,呱~,王五,true
44,炽炎战斧,武器,武器,Common,3,3,,2,,,#C79C6E,战士的利器。,赵六,true
45,奥金斧,武器,武器,Rare,5,5,,2,,,#C79C6E,毁灭的武器。,钱七,true
46,毁灭之刃,战吼：造成1点伤害,武器,Rare,3,4,,2,,[2],[Battlecry],#FFF569,盗贼的武器。,孙八,true
47,公正之剑,当你召唤一个随从时使其获得+1/+1,武器,Rare,5,4,,2,,[6;7],,#F58CBA,公正的力量。,周九,true
