@list,name,description,role,primary_stat,skills,starting_hp,starting_mp
id,text,text,text,text,[&Skills],i32,i32
1,战士,勇猛的近战职业,擅长使用各种武器和重型护甲,在战场上冲锋陷阵,坦克,力量,"1,2,3,4",150,50
2,法师,强大的魔法使用者,能够操控元素之力,造成毁灭性的魔法伤害,输出,智力,"5,6,7,8",80,150
3,牧师,神圣的治疗者,拥有强大的治疗和辅助能力,是团队中不可或缺的角色,治疗,精神,"9,10,11,12",90,130
4,盗贼,敏捷的暗杀者,擅长潜行和爆发伤害,能在瞬间击杀敌人,输出,敏捷,"13,14,15,16",100,80
5,猎人,精准的远程攻击者,与宠物并肩作战,擅长追踪和远程输出,输出,敏捷,"17,18,19,20",110,70
6,圣骑士,神圣的守护者,结合了战士的勇猛和牧师的神圣之力,坦克,力量,"21,22,23,24",140,90
7,德鲁伊,自然的守护者,能够变身为各种形态,拥有多样化的战斗方式,治疗,智力,"25,26,27,28",100,120
8,术士,黑暗的契约者,召唤恶魔作战,使用暗影和火焰魔法,输出,智力,"29,30,31,32",85,140
