@list,name,description,min_level,max_level,player_count,monsters,boss_ids,rewards,cooldown
id,text,text,i32,i32,i32,[ref<Monsters>],[ref<Monsters>],HashMap<string,i32>,time
1,哥布林洞穴,新手入门副本,击败哥布林王获得丰厚奖励,5,10,5,"3,4","11","金币=500,经验=1000",3600s
2,亡者墓地,充满危险的墓地,骷髅王在此等待挑战者,10,15,5,"4,5","12","金币=1000,经验=2000",7200s
3,熔岩深渊,炽热的火山副本,炎魔守护着宝藏,20,25,5,"5,6,8","13","金币=2000,经验=5000",10800s
4,冰霜堡垒,冰霜女王的领地,寒冷刺骨的挑战,25,30,5,"6,9","14","金币=3000,经验=8000",14400s
5,巨龙巢穴,远古巨龙的巢穴,传说级副本,35,40,10,"7,10","15","金币=10000,经验=20000",86400s
6,暗影迷宫,充满陷阱和暗影刺客的迷宫,15,20,5,"5,7","","金币=1500,经验=3000",7200s
7,元素圣殿,四大元素的试炼之地,20,25,5,"5,8","","金币=2500,经验=6000",10800s
8,恶魔深渊,恶魔的领地,危险的挑战,30,35,5,"6,8,10","","金币=5000,经验=10000",21600s
