@list,name,description,class_id,type,damage,mana_cost,cooldown,cast_time,range,required_level
id,text,text,ref<Classes>,text,i32,i32,time,time,f32,i32
1,冲锋,向目标发起冲锋,造成伤害并使其眩晕,1,攻击,50,15,15s,0s,25,1
2,盾牌猛击,使用盾牌猛击敌人,造成伤害并打断施法,1,攻击,80,20,10s,1s,5,10
3,战斗怒吼,发出震耳欲聋的怒吼,提升周围队友的攻击力,1,增益,0,30,60s,2s,20,20
4,破甲斩,强力一击,无视部分护甲造成伤害,1,攻击,150,25,8s,1.5s,5,30
5,火球术,发射一个火球,对目标造成火焰伤害,2,攻击,120,30,2s,2s,30,1
6,冰霜新星,释放冰霜能量,冻结周围敌人,2,控制,60,40,20s,1.5s,15,10
7,传送,瞬间传送到指定位置,2,辅助,0,50,30s,1s,40,20
8,烈焰风暴,召唤陨石雨,对区域内敌人造成大量伤害,2,攻击,300,100,45s,3s,30,30
9,治疗术,恢复目标的生命值,3,治疗,100,50,3s,2s,30,1
10,神圣护盾,为目标施加护盾,吸收伤害,3,增益,0,60,15s,2s,30,10
11,复活,复活一个死亡的队友,3,辅助,0,200,600s,10s,5,20
12,群体治疗,治疗周围所有队友,3,治疗,80,100,20s,3s,30,30
13,背刺,从背后攻击敌人,造成额外伤害,4,攻击,180,25,8s,1s,5,1
14,潜行,进入隐身状态,4,辅助,0,30,20s,1s,0,10
15,毒刃,给武器涂抹毒药,攻击附带持续伤害,4,攻击,50,20,30s,1s,5,20
16,暗影步,瞬间移动到目标背后,4,辅助,0,40,25s,0.5s,25,30
17,奥术射击,发射一支奥术箭矢,造成魔法伤害,5,攻击,90,20,3s,1.5s,35,1
18,陷阱,放置一个陷阱,触发后困住敌人,5,控制,50,30,30s,1s,5,10
19,多重射击,同时射出多支箭矢,攻击多个目标,5,攻击,60,40,10s,2s,30,20
20,野兽召唤,召唤一只野兽宠物协助战斗,5,召唤,0,80,300s,3s,30,30
21,神圣打击,使用神圣之力攻击敌人,6,攻击,100,25,6s,1.5s,5,1
22,圣光护盾,为自己施加神圣护盾,吸收伤害,6,增益,0,50,20s,2s,0,10
23,审判,审判敌人,造成神圣伤害并降低其移动速度,6,攻击,130,30,10s,1s,20,20
24,神圣之怒,释放神圣能量,对周围敌人造成伤害,6,攻击,200,60,30s,2s,15,30
25,月火术,召唤月光灼烧敌人,7,攻击,70,20,2s,1s,30,1
26,治愈之触,恢复目标的生命值,7,治疗,120,60,3s,2.5s,30,10
27,熊形态,变身为熊,提升生命值和护甲,7,变身,0,40,10s,1.5s,0,20
28,飓风,召唤飓风,对区域内敌人造成自然伤害,7,攻击,180,80,25s,3s,25,30
29,暗影箭,发射暗影能量箭,造成暗影伤害,8,攻击,110,25,3s,2s,30,1
30,生命分流,将生命值转化为法力值,8,辅助,0,0,30s,2s,0,10
31,恐惧术,使目标恐惧逃跑,8,控制,0,50,20s,2s,20,20
32,地狱火,召唤地狱火攻击敌人,8,召唤,250,100,60s,3s,30,30
